File Name,Bag Of Words,Dominant Topic 1,Dominant Topic 2,Dominant Topic 3
0b0BSZ084wya7hqk.txt,"['call', 'climbing', 'call_visibility', 'call', 'coolness', 'call_visibility', 'call', 'way', 'rowdy', 'call', 'finally', 'free', 'call', 'climbing', 'call_visibility', 'call', 'coolness', 'call_visibility', 'call', 'way', 'rowdy', 'call', 'finally', 'free', 'call', 'climbing', 'call_visibility', 'call', 'coolness', 'call_visibility', 'call', 'way', 'rowdy', 'call', 'finally', 'free']",Topic 1,Topic 11,Topic 6
0B2bXOAXyevoV57H.txt,"['wonder', 'going', 'know', ""how's_going"", 'sure', ""i'm"", ""how's_going"", ""there's"", 'one', 'talk', 'cause', 'care', ""how's_going"", ""how's_going"", 'wonder', ""how's_going"", ""how's_going"", 'around', ""how's_going"", 'found', 'nothing', 'cause', 'care', ""how's_going"", ""how's_going""]",Topic 14,Topic 3,Topic 11
0b4sh05wi1S3WKKd.txt,"['poisoned_paradigm', 'savage', 'give', 'poison', 'lip', 'broken', 'wire', 'ghetto', 'soul', 'conflicted', 'calculated', 'architect', 'echo', 'new', 'direction', 'faith', 'lust', 'desire', 'siren', 'apocalypse', 'poisoned_paradigm', 'savage', 'give', 'poison', 'lip', 'poisoned_paradigm', 'savage', 'give', 'poison', 'lip', 'attitude', 'privilege', 'without', 'regret', 'hazard', 'lost', 'sea', 'toxic', 'intuition', 'faith', 'lust', 'desire', 'siren', 'apocalypse', 'poisoned_paradigm', 'savage', 'give', 'poison', 'lip', 'poisoned_paradigm', 'savage', 'give', 'poison', 'lip', 'poisoned_paradigm', 'savage', 'savage']",Topic 14,Topic 6,Topic 2
0b6sYk8GBxAjtTms.txt,"['johnny', 'johnny', 'johnny', 'johnny', 'johnny', 'goode', 'johnny', 'johnny', 'johnny', 'johnny', 'johnny', 'goode', 'johnny', 'johnny', 'johnny', 'johnny', 'johnny', 'goode']",Topic 14,Topic 1,Topic 7
fpOMtLemgIXO959m.txt,"['owe_nothing', 'control', 'owe_nothing', 'control', 'owe_nothing', 'control', 'owe_nothing', 'control', 'owe_nothing', 'control', 'owe_nothing', 'nothing', 'control', 'owe_nothing', 'nothing', 'control']",Topic 11,Topic 9,Topic 5
fpq0npep55Jh27wt.txt,"['said', ""heart's"", 'motion', 'every', 'word', 'feel', 'like', 'shooting', 'star', ""i'm"", 'edge', 'emotion', 'watching', 'shadow', 'burning', 'dark', ""i'm"", 'love', ""i'm"", 'terrified', 'first', 'time', 'last', 'time', 'life', 'said', ""heart's"", 'motion', 'every', 'word', 'feel', 'like', 'shooting', 'star', ""i'm"", 'edge', 'emotion', 'watching', 'shadow', 'burning', 'dark', ""i'm"", 'love', ""i'm"", 'terrified', 'first', 'time', 'last', 'time', 'said', ""heart's"", 'motion', 'said', 'every', 'word', 'feel', 'like', 'shooting', 'star', 'watching', 'shadow', 'burning', 'dark', ""i'm"", 'love', ""i'm"", 'terrified', 'first', 'time', 'last', 'time', 'life', 'life', 'life', 'life']",Topic 6,Topic 16,Topic 17
fpRBstXrRkPz2Gjc.txt,"['heart', 'supposed', 'hurt', 'like', ""they're"", 'supposed', 'break', 'fast', 'say', ""time's"", 'healer', ""long's"", 'burn', 'supposed', 'last', 'heart', 'supposed', 'hurt', 'like', ""they're"", 'supposed', 'break', 'fast', 'say', ""time's"", 'healer', ""long's"", 'burn', 'supposed', 'last', 'heart', 'supposed', 'hurt', 'like', ""they're"", 'supposed', 'break', 'fast', 'say', ""time's"", 'healer', ""long's"", 'burn', 'supposed', 'last', 'heart', 'supposed', 'hurt', 'like', ""they're"", 'supposed', 'break', 'fast', 'say', ""time's"", 'healer', ""long's"", 'burn', 'supposed', 'last']",Topic 6,Topic 9,Topic 18
fPReNspdL8f4y20H.txt,"['open', 'prepare', 'entwine', 'breathing', 'binary', 'system', 'aligned', 'searching', 'frequency', 'scanning', 'time', 'lost', 'datastream', ""that's"", 'linking', 'mind', 'open', 'prepare', 'entwine', 'breathing', 'binary', 'system', 'aligned', 'searching', 'frequency', 'scanning', 'time', 'lost', 'datastream', ""that's"", 'linking', 'mind', 'open', 'prepare', 'entwine', 'breathing', 'binary', 'system', 'aligned', 'searching', 'frequency', 'scanning', 'time', 'lost', 'datastream', 'open', 'prepare', 'entwine', 'breathing', 'binary', 'system', 'aligned', 'searching', 'frequency', 'scanning', 'time', 'lost', 'datastream', ""that's"", 'linking', 'mind']",Topic 4,Topic 11,Topic 0
FpSHrgYPnwJvVuZE.txt,"['troubled', 'tell', 'friend', 'tell', 'family', 'let', 'talk', ""i'm"", 'gonna', 'let', 'nobody', 'troubled', 'tell', 'friend', 'tell', 'family', 'let', 'talk', ""i'm"", 'gonna', 'let', 'nobody', 'troubled', 'tell', 'friend', 'tell', 'family', 'let', 'talk', ""i'm"", 'gonna', 'let', 'nobody', 'troubled', 'tell', 'friend', 'tell', 'family', 'let', 'talk', ""i'm"", 'gonna', 'let', 'nobody', 'troubled', 'tell', 'friend', 'tell', 'family', 'let', 'talk', ""i'm"", 'gonna', 'let', 'nobody']",Topic 12,Topic 6,Topic 3
fpspvnC1jELCCN1C.txt,"['everybody', 'move_foot', 'feel_united', 'everybody', 'move_foot', 'feel_united', 'everybody', 'move_foot', 'feel_united', 'everybody', 'move_foot', 'feel_united', 'everybody', 'move_foot', 'feel_united', 'everybody', 'move_foot', 'feel_united', 'everybody', 'move_foot', 'feel_united', 'everybody', 'move_foot', 'feel_united', 'everybody', 'move_foot', 'feel_united']",Topic 14,Topic 1,Topic 9
FpsUE5iF0TE6Ny0M.txt,"['fuck', ""i'm"", 'supposed', 'say', 'police', 'pull', ""ain't"", 'got', 'nothing', 'say', 'told', 'got', 'tint', ""i'm"", 'rich', 'said', 'okay', 'ayy', 'gotta', 'pray', 'lot', 'nigga', 'get', 'shot', 'everyday', 'ayy', 'hold', 'fuck', ""i'm"", 'supposed', 'say', 'police', 'pull', ""ain't"", 'got', 'nothing', 'say', 'told', 'got', 'tint', ""i'm"", 'rich', 'said', 'okay', 'ayy', 'gotta', 'pray', 'lot', 'nigga', 'get', 'shot', 'everyday', 'ayy', 'heard', 'got', 'big', 'body', 'little', 'face', 'ayy', 'got', 'bezel', '100k_ayy', 'feel', 'way', ""i'm"", ""gon'"", 'say', 'face', 'ayy', 'play', 'block', 'today', ""i'll"", 'make', '100k_ayy', 'yeah', 'fuck', ""i'm"", 'supposed', 'say', 'police', 'pull', ""ain't"", 'got', 'nothing', 'say', 'told', 'got', 'tint', ""i'm"", 'rich', 'said', 'okay', 'ayy', 'gotta', 'pray', 'lot', 'nigga', 'get', 'shot', 'everyday', 'ayy', 'heard', 'got', 'big', 'body', 'little', 'face', 'ayy', 'got', 'bezel', '100k_ayy', 'feel', 'way', ""i'm"", ""gon'"", 'say', 'face', 'ayy', 'play', 'block', 'today', ""i'll"", 'make', '100k_ayy', 'yeah', 'fuck', ""i'm"", 'supposed', 'say', 'police', 'pull', ""ain't"", 'got', 'nothing', 'say', 'told', 'got', 'tint', ""i'm"", 'rich', 'said', 'okay', 'ayy', 'gotta', 'pray', 'lot', 'nigga', 'get', 'shot', 'everyday', 'ayy', 'heard', 'got', 'big', 'body', 'little', 'face', 'ayy', 'got', 'bezel', '100k_ayy', 'play', 'block', 'today', ""i'll"", 'make', '100k_ayy', 'play', 'block', 'today', ""i'll"", 'make', '100k', 'yeah']",Topic 15,Topic 6,Topic 11
FpsvT5Oi1BwvRHEs.txt,"['light', 'move', 'sideways', 'beat', 'take', 'spin', 'round', 'heart', 'steady', 'beating', 'sweat', 'turn', 'cold', ""we're"", 'slave', 'control', 'light', 'move', 'sideways', 'beat', 'take', 'spin', 'round', 'heart', 'steady', 'beating', 'sweat', 'turn', 'cold', ""we're"", 'slave', 'control', 'light', 'move', 'sideways', 'beat', 'take', 'spin', 'round', 'heart', 'steady', 'beating', 'sweat', 'turn', 'cold', ""we're"", 'slave', 'control', 'light', 'move', 'sideways', 'beat', 'take', 'spin', 'round', 'heart', 'steady', 'beating', 'sweat', 'turn', 'cold', ""we're"", 'slave', 'control']",Topic 19,Topic 15,Topic 14
fptVtRzccHP0JKAE.txt,"['want', 'outside', 'cool', 'night', 'star', 'gravitate', 'toward', 'want', 'outside', 'cool', 'night', 'fog', 'wrap', 'around', 'want', 'outside', 'sunshine', 'cloud', 'take', 'place', 'want', 'outside', 'cool', 'night', 'star', 'gravitate', 'toward', 'want', 'outside', 'sunshine', 'song', 'repeat', 'inside', 'wind', 'snow', 'rain', 'blow', 'none', 'would', 'matter', 'much', 'without']",Topic 7,Topic 3,Topic 1
fpuzqsGW38fL5Kv4.txt,"['yeah', 'fall', 'love', 'fall', 'love', 'many', 'reason', 'thing', 'matter', 'fall', 'love', ""can't"", ""can't"", ""can't"", 'fall', 'love', ""can't"", 'fall', 'yeah', 'yeah', 'yeah', 'fall', 'love', 'love', 'fall', 'love', 'yeah', 'fall', 'love', 'fall', 'love']",Topic 0,Topic 13,Topic 17
fpvBWAFqhWeHvSGi.txt,"['holding', 'world', 'holding', 'world', 'wonder', 'holding', 'world', 'holding', 'world']",Topic 6,Topic 16,Topic 14
fpVXKH4dFUuVSvm6.txt,"['liar', ""i'll"", 'never', 'holy', 'eye', 'never', 'either', 'cause', 'know', 'underneath', 'smile', 'hide', 'night', 'regret', 'day', ""can't"", 'forget', 'cause', 'know', ""we'll"", 'never', 'holy', 'liar', ""i'll"", 'never', 'holy', 'eye', 'never', 'either', 'cause', 'know', 'underneath', 'smile', 'hide', 'night', 'regret', 'day', ""can't"", 'forget', 'cause', 'know', ""we'll"", 'never', 'holy']",Topic 14,Topic 15,Topic 1
fPw8AGa8IprloNyb.txt,"['gonna', 'wild', ""i'll"", 'leave', 'everything', 'behind', 'follow', 'star', 'throw', 'away', 'time', 'dancing_wolf', 'kingdom_dream', 'baby_wildlife', 'baby', ""i'm"", 'wild_child', 'baby', ""i'm"", 'wild_child', 'baby', ""i'm"", 'wild_child', 'dancing_wolf', 'kingdom_dream', 'baby_wildlife', 'baby', ""i'm"", 'wild_child', 'gonna', 'wild', ""i'll"", 'leave', 'everything', 'behind', 'follow', 'star', 'throw', 'away', 'time', 'dancing_wolf', 'kingdom_dream', 'baby_wildlife', 'baby', ""i'm"", 'wild_child', 'baby', ""i'm"", 'wild_child', 'baby', ""i'm"", 'wild_child', 'dancing_wolf', 'kingdom_dream', 'baby_wildlife', 'baby', ""i'm"", 'wild_child', 'wild', ""i'll"", 'leave', 'everything', 'behind', 'follow', 'star', 'throw', 'away', 'time', 'dancing_wolf', 'kingdom_dream', 'baby_wildlife', 'baby', ""i'm"", 'wild_child', 'baby', ""i'm"", 'wild_child', 'baby', ""i'm"", 'wild_child', 'dancing_wolf', 'kingdom_dream', 'baby_wildlife', 'baby', ""i'm"", 'wild_child']",Topic 11,Topic 14,Topic 6
FPz786aN5H0ZJlTC.txt,"['kiss', 'mouth', 'read', 'truth', 'darling', 'miss', 'strawberry', 'taste', 'lip', 'complete', 'yet', 'get', 'foot', 'wet', 'cause', 'lead', 'regret', 'diving', 'soon', ""i'll"", 'owe', 'little_bird', 'little_bird', 'kiss', 'mouth', 'read', 'truth', 'darling', 'miss', 'strawberry', 'taste', 'lip', 'complete', 'yet', 'get', 'foot', 'wet', 'cause', 'lead', 'regret', 'diving', 'soon', ""i'll"", 'owe', 'little_bird', 'little_bird', 'little_bird', 'little_bird', 'kiss', 'mouth', 'read', 'truth', 'darling', 'miss', 'strawberry', 'taste', 'lip', 'complete', 'yet', 'get', 'foot', 'wet', 'cause', 'lead', 'regret', 'diving', 'soon', ""i'll"", 'owe', 'little_bird', 'little_bird', 'whoa', 'whoa', 'little_bird', 'little_bird', 'little_bird', 'little_bird']",Topic 6,Topic 11,Topic 15
FQ0C1uvFMVeYJddN.txt,"['night', 'train', 'going', 'fast', 'night', 'train', 'going', 'fast', 'night', 'train', 'going', 'fast']",Topic 13,Topic 11,Topic 6
Fq0HYcadYXdSa0nu.txt,"['bitch', 'humble', ""hol'"", 'bitch', ""sit_hol'"", 'lil', 'hol', ""lil'_bitch"", 'humble', 'hol', 'bitch', ""sit_hol'"", 'sit', ""lil'"", 'sit', ""lil'_bitch"", 'humble', 'hol', ""hol'"", 'bitch', ""sit_hol'"", ""hol'"", ""lil'_bitch"", 'humble', ""lil'_bitch"", ""hol'"", 'bitch', ""sit_hol'"", ""hol'_hol'"", ""hol'"", 'humble', ""hol'_hol'"", ""sit_hol'"", ""hol'"", ""lil'"", ""hol'"", ""lil'_bitch"", 'humble', ""hol'"", 'bitch', ""sit_hol'"", 'sit', ""lil'"", 'sit', ""lil'_bitch"", 'humble', ""hol'_hol'"", 'bitch', ""sit_hol'"", ""hol'"", ""lil'_bitch"", 'humble', ""lil'_bitch"", ""hol'"", 'bitch', ""sit_hol'"", ""hol'_hol'"", ""hol'"", 'bitch', 'humble', ""hol'"", 'bitch', ""sit_hol'"", ""lil'"", ""hol'"", ""lil'_bitch"", 'humble', ""hol'"", 'bitch', ""sit_hol'"", 'sit', ""lil'"", 'sit', ""lil'_bitch"", 'humble', ""hol'_hol'"", 'bitch', ""sit_hol'"", ""hol'"", ""lil'_bitch"", 'humble', ""lil'_bitch"", ""hol'"", 'bitch', ""sit_hol'"", ""hol'_hol'"", ""hol'"", 'humble', ""hol'_hol'"", ""sit_hol'"", ""hol'"", ""lil'"", ""hol'"", ""lil'_bitch"", 'humble', ""hol'"", 'bitch', ""sit_hol'"", 'sit', ""lil'"", 'sit', ""lil'_bitch"", 'humble', ""hol'_hol'"", 'bitch', ""sit_hol'"", ""hol'"", ""lil'_bitch"", 'humble', ""lil'_bitch"", ""hol'"", 'bitch', ""sit_hol'"", ""hol'_hol'"", ""hol'""]",Topic 6,Topic 0,Topic 4
fQ0yzGnmVfy05xRO.txt,"['wild', 'life', 'nothing', 'lose', ""we're"", 'far', 'away', 'paradise', 'wild', 'life', 'crazy', 'thing', 'could', 'never_live', 'without', 'could', 'never_live', 'without_paradise', 'could', 'never_live', 'without_paradise', 'wild', 'life', 'nothing', 'lose', ""we're"", 'far', 'away', 'paradise', 'wild', 'life', 'crazy', 'thing', 'could', 'never_live', 'without', 'could', 'never_live', 'without_paradise', 'could', 'never_live', 'without_paradise', 'wild', 'life', 'nothing', 'lose', ""we're"", 'far', 'away', 'paradise', 'wild', 'life', 'crazy', 'thing', 'could', 'never_live', 'without', 'could', 'never_live', 'without_paradise', 'could', 'never_live', 'without_paradise']",Topic 6,Topic 13,Topic 9
FQ0ZHCq0JesoAJUh.txt,"[""who's"", 'gonna_save', 'world', 'tonight', ""who's"", 'gonna', 'bring', 'back', 'life', 'gonna', 'make', ""we're"", 'gonna_save', 'world', 'tonight', ""who's"", 'gonna_save', ""who's"", 'gonna', 'bring', ""we're"", 'gonna', 'make', ""we're"", 'gonna_save', 'world', 'tonight', 'gonna_save', 'world', 'tonight', ""who's"", 'gonna', 'bring', 'back', 'life', ""we're"", 'gonna', 'make', ""we're"", 'gonna_save', 'world', 'tonight', 'gonna_save', ""who's"", 'gonna', 'bring', ""we're"", 'gonna', 'make', ""we're"", 'gonna_save', 'world', 'tonight']",Topic 13,Topic 6,Topic 11
Fq1qvmAe96PYJiSM.txt,"['wish_well', 'wish_well', 'wish_well', 'wish_well', 'wish_well', 'adeline', 'wish_well', 'wish_well', 'adeline', 'wish_well', 'wish_well', 'adeline', 'wish_well', 'wish_well', 'adeline', 'wish_well', 'wish_well']",Topic 6,Topic 7,Topic 3
FQ4C6baPofyQtkEW.txt,"['want', 'one', 'time', 'want', 'one', 'time', 'give', 'one', 'last_night', 'want', 'one', 'time', 'want', 'one', 'time', 'give', 'one', 'last_night', 'want', 'one', 'time', 'want', 'one', 'time', 'give', 'one', 'last_night', 'want', 'one', 'time', 'want', 'one', 'time', 'give', 'one', 'last_night', 'want', 'one', 'time', 'want', 'one', 'time', 'give', 'one', 'last_night']",Topic 6,Topic 11,Topic 16
fQ4pS4dDpMn8EYDI.txt,"['bell', 'getting', 'loud', ""ain't"", 'nowhere', 'hide', 'got', 'nowhere', 'put', 'away', 'pride', 'tired', 'feeling', 'low', 'even', ""i'm"", 'high', ""ain't"", 'way', 'live', 'wanna', 'die', 'know', 'know', 'bell', 'getting', 'loud', ""ain't"", 'nowhere', 'hide', 'got', 'nowhere', 'put', 'away', 'pride', 'tired', 'feeling', 'low', 'even', ""i'm"", 'high', ""ain't"", 'way', 'live', 'wanna', 'die', 'know', 'know']",Topic 14,Topic 2,Topic 1
FQ5by6eGYhVtc3mZ.txt,"['taught', 'play', 'fool', 'every', 'mistake', 'make', 'made', 'without', ""what's"", 'said', 'done', 'plain', 'see', 'take', 'seriously', 'taught', 'play', 'fool', 'every', 'mistake', 'make', 'made', 'without', ""what's"", 'said', 'done', 'plain', 'see', ""here's"", 'get', ""here's"", 'get', 'taught', 'play', 'fool', 'every', 'mistake', 'make', 'made', 'without', ""what's"", 'said', 'done', 'plain', 'see', ""here's"", 'get']",Topic 14,Topic 11,Topic 15
fQ5WKGQFoMS8IJe8.txt,"['take', 'higher', 'higher', 'higher', 'take', 'higher', 'higher', 'higher', 'take', 'higher', 'higher', 'higher', 'take', 'higher', 'higher', 'higher']",Topic 6,Topic 13,Topic 12
Fq7Hqe4Veg49DruU.txt,"[""can't"", 'lonely', ""can't"", 'lonely', ""can't"", 'lonely', ""can't"", 'lonely', ""can't"", 'lonely', ""can't"", 'lonely']",Topic 0,Topic 6,Topic 4
FQaDVN7CXGepKejz.txt,"['loretta_young', 'silk', 'fashioning', 'self', 'escape', 'loretta_young', 'silk', 'trading', 'super', 'waif', 'style', 'content', 'using', 'bait', 'loretta_young', 'silk', 'swapping', 'love', 'hate', 'loretta_young', 'silk', 'fashioning', 'self', 'escape', 'loretta_young', 'silk', 'trading', 'super', 'waif', 'style', 'content', 'using', 'bait', 'loretta_young', 'silk', 'swapping', 'love', 'hate']",Topic 9,Topic 6,Topic 19
fQbm65nkJ2lNTFlI.txt,"['one', 'day', 'nothing', 'ever', 'feel', 'like', 'every', 'time', 'hit', 'wall', 'lost', ""i'll"", 'find', 'way', 'wake', 'bed', 'made', 'even', 'though', 'know', 'want', ""i'm"", 'never_giving', ""i'm"", 'never_giving', 'never_giving', ""i'm"", 'never_giving', 'never_giving', 'one', 'day', 'nothing', 'ever', 'feel', 'like', 'every', 'time', 'hit', 'wall', 'lost', ""i'll"", 'find', 'way', 'wake', 'bed', 'made', 'even', 'though', 'know', 'want', ""i'm"", 'never_giving', ""i'm"", 'never_giving', ""i'm"", 'never_giving', 'never_giving', ""i'm"", 'never_giving', 'one', 'day', 'nothing', 'ever', 'feel', 'like', 'every', 'time', 'hit', 'wall', 'lost', ""i'll"", 'find', 'way', 'wake', 'bed', 'made', 'even', 'though', 'know', 'want', ""i'm"", 'never_giving', ""i'm"", 'never_giving', ""i'm"", 'never_giving', 'never_giving', ""i'm"", 'never_giving']",Topic 12,Topic 10,Topic 0
fqBPBqdHUyap5WO5.txt,"['need', 'love', 'need', 'love', 'need', 'love', 'need', 'love', 'need', 'love', 'need', 'love', 'need', 'love', 'need', 'love', 'need', 'love', 'need', 'love', 'need', 'love', 'need', 'love', 'need', 'love', 'need', 'love', 'need', 'love', 'need', 'love', 'need', 'love', 'need', 'love', 'need', 'love', 'need', 'love', 'need', 'love', 'need', 'love', 'need', 'love', 'need', 'love', 'need', 'love', 'need', 'love']",Topic 6,Topic 19,Topic 15
FQbZSxT5jVAiWmu8.txt,"['want', 'baby', 'want', 'ohh', 'want', 'baby', 'want', 'ohh', 'want', 'baby', 'want', 'ohh', 'want', 'baby', 'want', 'ohh', 'want', 'baby', 'want', 'ohh', 'want', 'baby', 'want', 'ohh']",Topic 14,Topic 3,Topic 11
fQcXl5oM3LecUQAM.txt,"[""let's"", 'dissolve', 'blanket', 'fade', 'away', 'like', 'smoke', 'cigarette', 'wonder', 'like', 'side', ""let's"", 'dissolve', 'blanket', 'fade', 'away', 'like', 'smoke', 'cigarette', 'wonder', 'like', 'side', 'wanna', 'feel', 'alive', 'close', 'eye', 'reverse', 'light', 'focus', 'one', 'thing', 'time', 'please', 'unwind', 'please', 'unwind', 'want', 'feel', 'alive']",Topic 13,Topic 11,Topic 12
fqdqn65iYblvQBxC.txt,"['let', 'let', 'wanna', 'say', 'goodbye', 'wanna', 'give', 'one', 'try', ""i'd_anything"", 'yes', ""i'd_anything"", 'let', 'let', 'let', 'wanna', 'say', 'goodbye', 'wanna', 'give', 'one', 'try', ""i'd_anything"", 'yes', ""i'd_anything"", 'let', 'let', 'want', 'say', 'goodbye', 'want', 'give', 'one', 'try', 'let', 'let', 'wanna', 'say', 'goodbye', 'want', 'give', 'one', 'try', 'let', 'let', ""i'd_anything"", ""i'd_anything"", 'let', 'let', 'let']",Topic 6,Topic 15,Topic 19
fQFMlHR4Ia3ZePUc.txt,"['gritting', 'teeth', 'hold', 'onto', 'never', 'enough', ""i'm"", 'never', 'complete', 'tell', 'prove', 'expect', 'lose', 'push', 'away', ""i'm"", 'trying', 'move', 'hoping', 'wishing', 'care', 'best', ""i'm"", 'desperate', 'run', ""i'm"", 'desperate', 'leave', 'lose', 'least', ""i'll"", 'free', 'gritting', 'teeth', 'hold', 'onto', 'never', 'enough', ""i'm"", 'never', 'complete', 'tell', 'prove', 'expect', 'lose', 'push', 'away', ""i'm"", 'trying', 'move', 'hoping', 'wishing', 'care', 'best', ""i'm"", 'desperate', 'run', ""i'm"", 'desperate', 'leave', 'lose', 'least', ""i'll"", 'free', 'gritting', 'teeth', 'hold', 'onto', 'never', 'enough', ""i'm"", 'never', 'complete', 'tell', 'prove', 'expect', 'lose', 'push', 'away', ""i'm"", 'trying', 'move', 'hoping', 'wishing', 'care', 'best', ""i'm"", 'desperate', 'run', ""i'm"", 'desperate', 'leave', 'lose', 'least', ""i'll"", 'free', 'gritting', 'teeth', 'hold', 'onto', 'never', 'enough', ""i'm"", 'never', 'complete', 'tell', 'prove', 'expect', 'lose', 'push', 'away', ""i'm"", 'trying', 'move', 'hoping', 'wishing', 'care', 'best', ""i'm"", 'desperate', 'run', ""i'm"", 'desperate', 'leave', 'lose', 'least', ""i'll"", 'free', 'gritting', 'teeth', 'hold', 'onto', 'never', 'enough', ""i'm"", 'never', 'complete', 'tell', 'prove', 'expect', 'lose', 'push', 'away', ""i'm"", 'trying', 'move', 'hoping', 'wishing', 'care', 'best', ""i'm"", 'desperate', 'run', ""i'm"", 'desperate', 'leave', 'lose', 'least', ""i'll"", 'free']",Topic 11,Topic 9,Topic 1
FQGMy5orGpRiahCv.txt,"['put_hand', 'air', 'hear', 'looking', 'day', 'night', 'shine', 'light', 'dark', 'let', 'see', 'cause', 'gonna', 'leave', 'behind', 'told', 'alone', 'show', 'belong', 'put_hand', 'air', 'one', 'time', 'put_hand', 'air', 'hear', 'looking', 'day', 'night', 'shine', 'light', 'dark', 'let', 'see', 'cause', 'gonna', 'leave', 'behind', 'told', 'alone', 'show', 'belong', 'put_hand', 'air', 'one', 'time', 'put_hand', 'air', 'put_hand', 'air', 'hear', 'looking', 'day', 'night', 'shine', 'light', 'dark', 'let', 'see', 'cause', 'gonna', 'leave', 'behind', 'told', 'alone', 'show', 'belong', 'put_hand', 'air', 'one', 'time', 'put_hand', 'air', 'one', 'time']",Topic 6,Topic 15,Topic 13
fqGo3j5UJcJl7BDZ.txt,"['see', 'waving', 'great', 'height', 'come', ""they'll"", 'say', 'everything', 'look', 'perfect', 'far', 'away', 'come', ""we'll"", 'stay', 'see', 'waving', 'great', 'height', 'come', ""they'll"", 'say', 'everything', 'look', 'perfect', 'far', 'away', 'come', ""we'll"", 'stay', 'see', 'waving', 'great', 'height', 'come', ""they'll"", 'say', 'everything', 'look', 'perfect', 'far', 'away', 'come', ""we'll"", 'stay']",Topic 14,Topic 6,Topic 1
fqHgyKeWLKHt1W3U.txt,"['sacrifice', 'railroad', 'track', 'freight_freight', ""train_comin'"", 'freight_freight', ""train_comin'"", 'unconscious', 'tied', 'gagged', 'freight_freight', ""train_comin'"", 'freight_freight', ""train_comin'"", 'sacrifice', 'railroad', 'track', 'freight_freight', ""train_comin'"", 'freight_freight', ""train_comin'""]",Topic 11,Topic 6,Topic 3
fQjkjWP8UmIwJfmw.txt,"[""everybody's"", 'calling', 'luie', 'luie', 'luie', 'got', 'thing', 'keep', 'light', 'going', 'luie', 'luie', 'keep', 'pushing', 'keep', 'pushing', ""everybody's"", 'calling', 'luie', 'luie', 'luie', 'got', 'thing', 'keep', 'light', 'going', 'luie', 'luie', 'keep', 'pushing', 'keep', 'pushing', 'keep', 'pushing']",Topic 6,Topic 3,Topic 1
FQjPm0z8ocv1u63k.txt,"['let', 'wall', 'built', 'around', 'light', 'match', 'burn', 'let', 'hold', 'hand', 'dance', 'round', 'round', 'flame', 'front', 'dust', 'dust', 'let', 'wall', 'built', 'around', 'light', 'match', 'burn', 'let', 'hold', 'hand', 'dance', 'round', 'round', 'flame', 'front', 'dust', 'dust']",Topic 6,Topic 11,Topic 3
Fqk6k6Mmi40DfyvT.txt,"['glide', 'away', 'soapy_heel', 'promise_promise', 'anymore', 'come', 'around', 'take', 'take', 'chain_door', 'glide', 'away', 'soapy_heel', 'promise_promise', 'anymore', 'come', 'around', 'take', 'take', 'chain_door', 'glide', 'away', 'soapy_heel', 'promise_promise', 'anymore', 'come', 'around', 'take', 'take', 'chain_door', 'glide', 'away', 'soapy_heel', 'promise_promise', 'anymore', 'come', 'around', 'take', 'take', 'chain_door', 'glide', 'away', 'soapy_heel', 'promise_promise', 'anymore', 'come', 'around', 'take', 'take', 'chain_door', 'glide', 'away', 'soapy_heel', 'promise_promise', 'anymore', 'come', 'around', 'take', 'take', 'take', 'chain_door']",Topic 11,Topic 6,Topic 14
FqkVkLcTLEr8YKDd.txt,"['move', 'cooky', 'girl', 'scout', ""twistin'"", 'wood', 'foot', 'girl', 'house', 'love', 'shit', ""oxy'"", ""itchin'"", 'back', 'shakewell', ""movin'"", 'brick', 'tell', 'people', 'stay', 'ten', 'toe', 'move', 'cooky', 'girl', 'scout', ""twistin'"", 'wood', 'foot', 'girl', 'house', 'love', 'shit', ""oxy'"", ""itchin'"", 'back', 'shakewell', ""movin'"", 'brick', 'tell', 'people', 'stay', 'ten', 'toe', 'move', 'cooky', 'girl', 'scout', ""twistin'"", 'wood', 'foot', 'girl', 'house', 'love', 'shit', ""oxy'"", ""itchin'"", 'back', 'shakewell', ""movin'"", 'brick', 'tell', 'people', 'stay', 'ten', 'toe', 'move', 'cooky', 'girl', 'scout', ""twistin'"", 'wood', 'foot', 'girl', 'house', 'love', 'shit', ""oxy'"", ""itchin'"", 'back', 'shakewell', ""movin'"", 'brick', 'tell', 'people', 'stay', 'ten', 'toe']",Topic 6,Topic 0,Topic 12
FqlYcgTpnGgXrR00.txt,"['take', 'take', 'water_water', 'pull', 'see', 'light', 'let_drown', 'let_drown', 'honey', 'hunny', 'love', 'wanna_baptized', 'take', 'take', 'water_water', 'wanna_baptized', 'take', 'take', 'water_water', 'pull', 'see', 'light', 'let_drown', 'let_drown', 'honey', 'hunny', 'love', 'wanna_baptized', 'baptized', 'take', 'take', 'water_water', 'wanna_baptized', 'take', 'take', 'water', 'pull', 'see', 'light', 'let_drown', 'let_drown', 'honey', 'hunny', 'love', 'wanna_baptized', 'take', 'take', 'water_water', 'pull', 'see', 'light', 'let_drown', 'let_drown', 'honey', 'lovem', 'wanna_baptized', 'take', 'take', 'water_water', 'love', 'wanna_baptized', 'let_drown', 'let_drown', 'honey', 'hunny', 'wanna_baptized']",Topic 7,Topic 17,Topic 3
fQNjWCvmXaPytHEq.txt,"['know', 'little', 'fool', 'never', 'win', 'use', 'mentality', 'wake', 'reality', 'time', 'thought', 'make', 'stop', 'begin', 'cause', ""i've"", 'got', 'skin', 'know', 'little', 'fool', 'never', 'win', 'use', 'mentality', 'step', 'wake', 'reality', 'time', 'thought', 'make', 'stop', 'begin', 'cause', ""i've"", 'got', 'skin', 'yes', ""i've"", 'got', 'skin']",Topic 6,Topic 16,Topic 11
fqotTYeTLpnRj3lF.txt,"['let', 'come', 'tomorrow', 'seem', 'yesterday_yesterday', ""i'm"", 'bird', ""that's"", 'already', 'flown', 'away', 'laugh', 'let', 'wake', 'seem', 'yesterday_yesterday', 'heard', ""i'm"", 'gonna', 'okay', 'let', 'come', 'tomorrow', 'seem', 'yesterday_yesterday', ""i'm"", 'bird', ""that's"", 'already', 'flown', 'away', 'laugh', 'let', 'wake', 'seem', 'yesterday_yesterday', 'heard', ""i'm"", 'gonna', 'okay', 'let', 'come', 'tomorrow', 'seem', 'yesterday_yesterday', ""i'm"", 'bird', ""that's"", 'already', 'flown', 'away', 'laugh', 'let', 'wake', 'seem', 'yesterday_yesterday', 'heard', 'yesterday']",Topic 11,Topic 19,Topic 12
FQpX9d0NR0Ohy1M1.txt,"[""i'm"", 'alive', ""i'm"", 'alone', 'never', 'wanted_either', ""i'm"", 'alive', ""i'm"", 'alone', 'never', 'wanted_either', ""i'm"", 'alive', ""i'm"", 'alone', 'never', 'wanted_either', ""i'm"", 'alive', ""i'm"", 'alone', 'never', 'wanted_either', ""i'm"", 'alive', ""i'm"", 'alone', 'never', 'wanted_either', ""i'm"", 'alive', ""i'm"", 'alone', 'never', 'wanted_either']",Topic 6,Topic 8,Topic 7
fQrmEm90xsPF283O.txt,"['fuck_silver', 'lining', 'fuck_silver', 'lining', 'cause', 'gold_hot', 'enough', 'hot_enough', 'fuck_silver', 'lining', 'fuck_silver', 'lining', 'cause', 'gold_hot', 'enough', 'hot_enough', 'one', 'one', 'fuck_silver', 'lining', 'fuck_silver', 'lining', 'cause', 'gold_hot', 'enough', 'hot_enough', 'fuck_silver', 'lining', 'fuck_silver', 'lining', 'cause', 'gold_hot', 'enough', 'hot_enough', 'silver_lining', 'fuck_silver', 'lining', 'cause', 'gold_hot', 'enough', 'hot_enough', 'fuck_silver', 'lining', 'fuck_silver', 'lining', 'cause', 'gold_hot', 'enough', 'hot_enough']",Topic 6,Topic 13,Topic 15
fqrN4svGI9IyKjqj.txt,"['look', 'face', 'tryna', ""ain't"", 'tryna_copy', 'man', ""i'm"", 'ere', 'talking_bout', ""they're_barking"", ""they're_hardly"", 'teeth', 'garn_garn', 'look', 'face', 'tryna', ""ain't"", 'tryna_copy', 'man', ""i'm"", 'ere', 'talking_bout', ""they're_barking"", ""they're_hardly"", 'teeth', 'garn_garn', 'look', 'face', 'tryna', ""ain't"", 'tryna_copy', 'man', ""i'm"", 'ere', 'talking_bout', ""they're_barking"", ""they're_hardly"", 'teeth', 'garn_garn', 'look', 'face', 'tryna', ""ain't"", 'tryna_copy', 'man', ""i'm"", 'ere', 'talking_bout', ""they're_barking"", ""they're_hardly"", 'teeth', 'garn_garn', 'look', 'face', 'tryna', ""ain't"", 'tryna_copy', 'man', ""i'm"", 'ere', 'talking_bout', ""they're_barking"", ""they're_hardly"", 'teeth', 'garn_garn', 'look', 'face', 'tryna', ""ain't"", 'tryna_copy', 'man', ""i'm"", 'ere', 'talking_bout', ""they're_barking"", ""they're_hardly"", 'teeth', 'garn_garn']",Topic 6,Topic 17,Topic 12
fqRphjrDbmNJrjrg.txt,"['little', 'grey', 'fairy', 'tale', 'little', 'white', 'lie', 'everything_exhale', 'attracting_fly', 'rail', 'cry', 'eye', 'everything_exhale', 'attracting_fly', 'hear', 'hear', 'hear', 'shout', ""i'm"", 'stepping', 'hear', 'hear', 'hear', 'shout', ""i'm"", 'stepping', 'hear', 'hear', 'hear', 'shout', ""i'm"", 'stepping', 'hear', 'hear', 'hear', 'shout', ""i'm"", 'stepping', 'little', 'grey', 'fairy', 'tale', 'little', 'white', 'lie', 'everything_exhale', 'attracting_fly', 'rail', 'cry', 'eye', 'everything_exhale', 'attracting_fly', 'little', 'grey', 'fairy', 'tale', 'little', 'white', 'lie', 'everything_exhale', 'attracting_fly', 'rail', 'cry', 'eye', 'everything_exhale', 'attracting_fly']",Topic 6,Topic 11,Topic 9
FQs0gH1ZmGLPm0eH.txt,"['wanna', 'fall', 'love', 'world', 'gonna_break', 'heart', 'wanna', 'fall', 'love', 'world', 'gonna_break', 'heart', 'world', 'gonna_break', 'heart', 'wanna', 'fall', 'love', 'world', 'gonna_break', 'heart', 'wanna', 'fall', 'love', 'world', 'gonna_break', 'heart', 'wanna', 'fall', 'love', 'world', 'gonna_break', 'heart', 'wanna', 'fall', 'love', 'world', 'gonna_break', 'heart', 'world', 'gonna_break', 'heart', 'world', 'gonna_break', 'heart', 'world', 'gonna_break', 'heart']",Topic 3,Topic 16,Topic 18
fQTdBzQ27CVPyih9.txt,"['root', 'love', 'root', 'love', 'root', 'love', 'root', 'love', 'root', 'love', 'root', 'love']",Topic 14,Topic 5,Topic 16
fQTZ7nOrICndZiMu.txt,"['bury', 'memory', 'smile', 'rope', 'wrap', 'tight', 'around', 'throat', 'bury', 'memory', 'smile', 'rope', 'wrap', 'tight', 'around', 'throat', 'bury', 'memory', 'smile', 'rope', 'wrap', 'tight', 'around', 'throat']",Topic 11,Topic 3,Topic 1
Fqu7bJouZILXYIUH.txt,"['gonna', 'waste', 'time', 'waste', 'time', 'space', 'need', 'pressure', 'girl', 'got', 'time', 'waste', 'waste', 'waste', 'gonna', 'waste', 'time', 'waste', 'time', 'space', 'need', 'pressure', 'girl', 'got', 'time', 'waste', 'waste', 'waste', 'gonna', 'waste', 'time', 'waste', 'time', 'space', 'need', 'pressure', 'girl', 'got', 'time', 'waste', 'waste', 'waste']",Topic 11,Topic 14,Topic 3
fqvEgwapRUre9ldH.txt,"['see', 'way', 'strobe', 'light', 'dancing', 'look', 'eye', 'feel', 'like', 'falling', 'love', 'tonight', 'falling', 'love', 'tonight', 'baby', ""i'm"", 'fore', 'taking', 'chance', 'romance', 'air', 'feel', 'like', 'falling', 'love', 'tonight', 'falling', 'love', 'tonight', 'hope', 'ready', 'moon', 'get', 'high', ""let's"", 'start', 'kissing', 'heard', 'wind', 'whisper', 'name', 'air', 'last_night', 'one', 'missing', 'tonight', 'standing', 'right', 'see', 'way', 'strobe', 'light', 'dancing', 'look', 'eye', 'feel', 'like', 'falling', 'love', 'tonight', 'falling', 'love', 'tonight', 'baby', ""i'm"", 'fore', 'taking', 'chance', 'romance', 'air', 'feel', 'like', 'falling', 'love', 'tonight', 'falling', 'love', 'tonight', 'hope', 'ready', 'moon', 'get', 'high', ""let's"", 'start', 'kissing', 'heard', 'wind', 'whisper', 'name', 'air', 'last_night', 'one', 'missing', 'tonight', 'standing', 'right', 'see', 'way', 'strobe', 'light', 'dancing', 'look', 'eye', 'feel', 'like', 'falling', 'love', 'tonight', 'falling', 'love', 'tonight', 'baby', ""i'm"", 'fore', 'taking', 'chance', 'romance', 'air', 'feel', 'like', 'falling', 'love', 'tonight', 'falling', 'love', 'tonight', 'hope', 'ready', 'moon', 'get', 'high', ""let's"", 'start', 'kissing', 'heard', 'wind', 'whisper', 'name', 'air', 'last_night', 'one', 'missing', 'tonight', 'standing', 'right']",Topic 11,Topic 10,Topic 14
FQVp0TfUArszdvIr.txt,"['hold', ""we're"", 'going_home', 'hold', ""we're"", 'going_home', 'hard', 'thing', 'alone', 'hold', ""we're"", 'going_home', 'hold', ""we're"", 'going_home', 'going_home', 'hold', ""we're"", 'going_home', 'going_home', 'hard', 'thing', 'alone', 'thing', 'alone', 'hold', ""we're"", 'going_home', 'going_home', 'going_home', 'hold', ""we're"", 'going_home', 'going_home', 'hold', ""we're"", 'going_home', 'going_home', 'hard', 'thing', 'alone', 'thing', 'alone', 'hold', ""we're"", 'going_home', 'going_home', 'home', 'going_home']",Topic 7,Topic 6,Topic 11
FQvuEqeK4YkPwARJ.txt,"['start', 'think', 'better', 'second', 'time', 'around', 'end', ""can't"", 'start', 'think', 'better', 'second', 'time', 'around', 'end', ""can't"", 'start', 'think', 'better', 'second', 'time', 'around', 'end', ""can't""]",Topic 13,Topic 6,Topic 12
FQvye8tNFpEbNOng.txt,"['rise_right', 'rise_right', 'rise', 'know', 'get', 'ground', 'rise_right', 'rise_right', 'rise', 'know', 'get', 'ground', 'rise_right', 'rise_right', 'rise', 'know', 'get', 'ground', 'rise_right', 'rise_right', 'rise', 'know', 'get', 'ground']",Topic 3,Topic 14,Topic 6
FQWAMKhKgutuKwDN.txt,"['fuck', ""i'm"", 'negative_creep', 'fuck', ""i'm"", 'negative_creep', 'fuck', ""i'm"", 'negative_creep', 'fuck', ""i'm"", 'negative_creep', 'fuck', ""i'm"", 'negative_creep', 'fuck', ""i'm"", 'negative_creep']",Topic 11,Topic 15,Topic 6
FqWb59simoDvTi01.txt,"['fifteen', 'fifteen', 'fifteen']",Topic 15,Topic 0,Topic 3
fR9WcKogDjvZ9nwY.txt,"['got', 'brand', 'new', 'start', 'got', 'real', 'good', 'heart', 'got', 'smile', 'give', 'gonna', 'okay', 'one', 'looking', 'around', 'looking', 'someone', 'gotta', 'trust', 'love', 'love', 'way', 'got', 'brand', 'new', 'start', 'got', 'real', 'good', 'heart', 'got', 'smile', 'give', 'gonna', 'okay', 'one', 'looking', 'around', 'looking', 'someone', 'gotta', 'trust', 'love', 'love', 'way', 'got', 'brand', 'new', 'start', 'got', 'real', 'good', 'heart', 'got', 'smile', 'give', 'gonna', 'okay', 'one', 'looking', 'around', 'looking', 'someone', 'gotta', 'trust', 'love', 'love', 'way']",Topic 11,Topic 17,Topic 6
fRA7TKYiXKiLS8uJ.txt,"['worry', 'come', 'around', 'around', 'black', 'road', 'burning', 'reddish', 'sunset', 'keep', 'steady', 'far', 'mile', 'away', 'wheel', 'spinning', 'leaving', 'trace', 'worry', 'come', 'around', 'around', 'black', 'road', 'burning', 'reddish', 'sunset', 'keep', 'steady', 'far', 'mile', 'away', 'wheel', 'spinning', 'leaving', 'trace']",Topic 6,Topic 9,Topic 3
fraglE0va6B3zUwB.txt,"['take', 'look', ""there's"", 'empty', 'space', ""there's"", 'nothing', 'left', 'remind', 'memory', 'face', 'take', 'look', 'well', ""there's"", 'empty', 'space', 'coming', 'back', 'odds', ""that's"", ""i've"", 'got', 'face', 'take', 'look', 'well', ""there's"", 'empty', 'space', ""there's"", 'nothing', 'left', 'remind', 'memory', 'face', 'take', 'look', 'cause', ""there's"", 'empty', 'space', 'wait', ""that's"", ""i've"", 'got', 'face', 'take', 'good', 'look', 'cause', ""i'll"", 'still', 'standing', 'coming', 'back', 'odds', 'chance', ""i've"", 'gotta', 'take']",Topic 6,Topic 14,Topic 19
FrBItzqHjTU0YKUi.txt,"['give', 'cause', ""that's"", ""i've"", 'already', 'done', ""body's"", 'breaking', 'feel', 'mind', 'getting', 'numb', 'give', 'cause', ""that's"", ""i've"", 'already', 'done', ""body's"", 'breaking', 'feel', 'mind', 'getting', 'numb', 'bleeding', 'disconnection', 'lost', 'inside', 'forsaken', 'reflection', 'abandoning', 'give', 'cause', ""that's"", ""i've"", 'already', 'done', ""body's"", 'breaking', 'feel', 'mind', 'getting', 'numb', 'bleeding', 'disconnection', 'lost', 'inside', 'forsaken', 'reflection', 'abandoning']",Topic 15,Topic 6,Topic 14
FrBxNiIOJ3t1XHBM.txt,"['somebody', 'somebody', 'somebody', 'somebody', 'anybody', 'find', 'somebody', 'love', 'yeah', 'somebody', 'somebody', 'somebody', 'please', 'anybody', 'find', 'somebody', 'love', 'lord', 'somebody', 'somebody', 'anybody', 'find', 'somebody', 'love', 'anybody', 'find', 'someone', 'love']",Topic 6,Topic 3,Topic 15
frc5L98QSDfKvoeB.txt,"['darling_ease', 'mind', 'help', 'leave', 'lonely', 'thought', 'behind', 'pull', 'feel', 'sanity', 'start', 'unwind', 'darling_ease', 'mind', 'darling_ease', 'mind', 'help', 'leave', 'lonely', 'thought', 'behind', 'pull', 'feel', 'sanity', 'start', 'unwind', 'darling_ease', 'mind', 'darling_ease', 'mind', 'help', 'leave', 'lonely', 'thought', 'behind', 'pull', 'feel', 'sanity', 'start', 'unwind', 'darling_ease', 'mind']",Topic 6,Topic 11,Topic 9
FRCtF2mGPLE3HWTj.txt,"['long_time', 'rakim_microphone', 'soloist', 'long_time', 'long_time', 'rakim', 'long_time', 'rakim_microphone', 'soloist', 'long_time', 'rakim_microphone', 'soloist', 'long_time', 'rakim_microphone', 'soloist', 'long_time', 'long_time', 'long_time', 'long_time', 'rakim_microphone', 'soloist', 'long_time', 'rakim_microphone', 'soloist', 'long_time', 'long_time', 'long_time', 'long_time', 'long_time']",Topic 6,Topic 9,Topic 2
FrecO0ulAFiRK9Hc.txt,"['knew', 'love', 'car_crash', 'away', 'knew', 'love', 'car_crash', 'away', 'knew', 'love', 'car_crash', 'away', 'knew', 'love', 'car_crash', 'away', 'knew', 'love', 'car_crash', 'away', 'knew', 'love', 'car_crash', 'away', 'car_crash', 'away']",Topic 14,Topic 9,Topic 6
frF8jY7XwXcgRAv4.txt,"['give', 'away', 'would', 'give', 'away', 'let', 'come_apart', 'want', 'see', 'come_apart', 'give', 'away', 'would', 'give', 'away', 'let', 'come_apart', 'want', 'see', 'come_apart', 'give', 'away', 'would', 'give', 'away', 'let', 'come_apart', 'want', 'see', 'come_apart']",Topic 17,Topic 6,Topic 11
FRfHztETHo8HzyGn.txt,"['sound', 'like', 'fury', 'sure', 'something', 'cure', 'problem', 'believe', 'believe', 'sound', 'like', 'fury', 'sure', 'something', 'cure', 'problem', 'believe', 'believe', 'sound', 'like', 'fury', 'sure', 'something', 'cure', 'problem', 'believe', 'sound', 'like', 'fury', 'believe', 'sure', 'something', 'cure', 'believe', 'problem', 'sound', 'like', 'fury', 'believe', 'sure', 'believe', 'something', 'cure', 'believe', 'problem', 'believe']",Topic 6,Topic 11,Topic 1
FrfW2emafod6rvyt.txt,"['weigh', 'dope', 'cook', 'coke', 'might', 'well', 'give', 'got', 'local', 'shipped', 'country', 'though', ""ain't"", ""givin'"", 'already', 'know', 'give', ""sippin'"", 'coffee', 'cup', 'presidential', 'face', 'hockey', 'puck', 'feed', 'dope', 'get', 'wavy', 'like', 'boat', 'feed', 'dope', 'start', 'seeing', 'ghost', ""i'm"", 'porch', ""i'm"", ""skippin'"", 'court', 'yeah', 'skip', 'lou', 'skrrt', ""trappin'"", 'sport', 'skip', 'lou', 'okay', 'fish', 'butter', 'chicken', 'cutter', 'okay', 'maserati', 'get', 'mozzarella', 'yeah', 'okay', ""go'n"", ""doin'"", 'wrong', 'capone', 'skrrt', 'skrrt', 'talk', 'phone', 'cause', ""gettin'"", 'dope', 'money', 'night', 'long', 'brrt', 'weigh', 'dope', 'cook', 'coke', 'might', 'well', 'give', 'got', 'local', 'shipped', 'country', 'though', 'foreign', ""ain't"", ""givin'"", 'already', 'know', 'give', 'pluto', ""sippin'"", 'coffee', 'cup', 'pluto', 'presidential', 'face', 'hockey', 'puck', 'get', 'wavy', 'like', 'boat', 'feed', 'dope', 'start', 'seeing', 'ghost', ""i'm"", 'porch', ""i'm"", ""skippin'"", 'court', 'yeah', 'skip', 'lou', 'skrrt', ""trappin'"", 'sport', 'skip', 'lou', 'okay', 'fish', 'butter', 'chicken', 'cutter', 'okay', 'maserati', 'get', 'mozzarella', 'yeah', 'okay', ""go'n"", ""doin'"", 'wrong', 'capone', 'skrrt', 'skrrt', 'talk', 'phone', 'cause', ""gettin'"", 'dope', 'money', 'night', 'long']",Topic 6,Topic 5,Topic 11
fRG5c9LAEpvTMEKN.txt,"['mad', 'mad', 'mad', 'mad', 'mad', 'mad', 'mad', 'mad', 'mad', 'mad', 'mad', 'mad', 'mad']",Topic 14,Topic 15,Topic 11
fRhMRe2SpHMrgJ8h.txt,"['eight', 'mile', 'high', 'touch', 'find', 'stranger', 'known', 'sign', 'street', 'say', 'going', 'somewhere', 'nowhere', 'warmth', 'found', 'among', 'afraid', 'losing', 'ground', 'rain', 'gray', 'town', 'known', 'sound', 'place', 'small', 'face', 'unbound', 'round', 'square', 'huddled', 'storm', 'laughing', 'shapeless', 'form', 'sidewalk', 'scene', 'black', 'limousine', 'living', 'standing', 'alone']",Topic 6,Topic 11,Topic 7
fRhs8A65rLychDEF.txt,"['jeremy_spoke', 'class_today', 'jeremy_spoke', 'class_today', 'jeremy_spoke', 'class_today', 'jeremy_spoke', 'class_today', 'jeremy_spoke', 'class_today', 'jeremy_spoke', 'class_today', 'jeremy_spoke', 'class_today', 'jeremy_spoke', 'spoke', 'jeremy_spoke', 'spoke', 'jeremy_spoke', 'class_today']",Topic 6,Topic 17,Topic 12
FrhSMjLh92bjEvYb.txt,"['worked', 'hard', 'darling', 'control', ""we're"", 'control', 'young', 'darling', 'control', 'control', 'young', 'darling', 'long', 'control']",Topic 17,Topic 6,Topic 3
FrI84HxaDSHxi58E.txt,"['hidden_place', 'hidden_place', 'hidden_place', 'hidden_place', ""i'll"", 'keep', 'hidden_place', ""i'll"", 'keep', 'hidden_place', 'keep', 'hidden_place', 'keep', 'hidden_place', 'hidden_place', 'hidden_place', 'hidden_place', ""we'll"", 'stay', 'hidden_place', 'hidden_place', ""we'll"", 'live', 'hidden_place', ""we'll"", 'hidden_place', 'hidden_place']",Topic 14,Topic 11,Topic 1
frIA1DzCxmIqTaMd.txt,"['wanna', 'hold', ""i'm"", 'supposed', ""i'm"", ""lyin'"", 'close', 'someone', 'else', 'stuck', 'head', ""can't"", 'get', 'could', 'know', 'back', 'wanna', 'hold', ""i'm"", 'supposed', ""i'm"", ""lyin'"", 'close', 'someone', 'else', 'stuck', 'head', ""can't"", 'get', 'could', 'know', ""i'd"", 'back', 'wanna', 'hold', ""i'm"", 'supposed', ""i'm"", ""lyin'"", 'close', 'someone', 'else', 'stuck', 'head', ""can't"", 'get', 'could', 'know', ""i'd"", 'back']",Topic 11,Topic 1,Topic 0
FRibFA5IDeHHQkli.txt,"['love', 'would', 'come', 'come', 'fall', 'asleep', 'could', 'love', 'could', 'love', 'could', 'love', 'love', 'would', 'fall', 'asleep', 'could', 'love', 'could', 'love', 'could', 'love']",Topic 6,Topic 7,Topic 13
FRIRMD6yX8nWsFGj.txt,"['girl', 'love', 'girl', 'love', 'girl', 'love', 'know', 'girl', 'love', 'girl', 'love', 'girl', 'love', 'know', 'girl', 'love', 'girl', 'love', 'girl', 'love', 'know']",Topic 6,Topic 7,Topic 9
friYpvZ2FRwxyp8Q.txt,"['hey_hey', 'hey', ""we're"", 'looking_good', 'gold', 'hey_hey', 'hey', 'higher', 'rocket', 'deeper', 'dive', 'head', ""we're"", 'alive', 'sleep', ""we're"", 'dead', 'hey_hey', 'hey', ""we're"", 'looking_good', ""we're"", 'looking_good', 'gold', 'hey_hey', 'hey', ""we're"", 'looking_good', 'gold', 'hey_hey', 'hey', 'higher', 'rocket', 'deeper', 'dive', 'head', ""we're"", 'alive', 'sleep', ""we're"", 'dead', 'hey_hey', 'hey', ""we're"", 'looking_good', ""we're"", 'looking_good', 'gold', 'hey_hey', 'hey', ""we're"", 'looking_good', 'gold', 'hey_hey', 'hey', 'higher', 'rocket', 'deeper', 'dive', 'head', ""we're"", 'alive', 'sleep', ""we're"", 'dead', 'hey_hey', 'hey', ""we're"", 'looking_good', ""we're"", 'looking_good', 'gold']",Topic 7,Topic 18,Topic 13
frjOxeLdS4AODM6r.txt,"['skin', 'skin', ""can't"", 'believe', 'turn_fire', 'want', 'body_next', 'body', 'burning', 'desire', 'spark', 'brain', 'crazy_good', 'right', 'turn_fire', 'turn', 'heat', 'turn_fire', 'turn_fire', 'skin', 'skin', ""can't"", 'believe', 'turn_fire', 'want', 'body_next', 'body', 'burning', 'desire', 'spark', 'brain', 'crazy_good', 'right', 'turn_fire', 'turn', 'heat', 'turn_fire', 'turn_fire', 'skin', 'skin', ""can't"", 'believe', 'turn_fire', 'want', 'body_next', 'body', 'want', 'body_next', 'mine', 'burning', 'desire', 'spark', 'brain', 'crazy_good', 'right', 'crazy_good', 'right', 'turn_fire', 'turn', 'heat', 'turn_fire', 'turn_fire', 'skin', 'skin', ""can't"", 'believe', ""can't"", 'believe', ""can't"", 'believe', 'boy', 'turn_fire', 'want', 'body_next', 'body', 'ohhh', 'burning', 'desire', 'spark', 'brain', 'crazy_good', 'right', 'crazy_good', 'crazy_good', 'boy', 'turn_fire', 'turn', 'heat', 'turn_fire', 'turn_fire', 'skin', 'skin', ""can't"", 'believe', ""can't"", 'believe', ""can't"", 'believe', 'boy', 'turn_fire', 'want', 'body_next', 'body', 'ohhh', 'burning', 'desire', 'spark', 'brain', 'crazy_good', 'right', 'crazy_good', 'crazy_good', 'boy', 'turn_fire', 'turn', 'heat', 'turn_fire', 'turn_fire']",Topic 14,Topic 3,Topic 0
frk5lnxpV7TUSDvM.txt,"['search', 'thing', ""can't"", 'see', 'going', 'blind', 'reach', 'somewhere', 'vasoline', 'fly', 'vasoline', 'sometimes', 'blow', 'mind', 'keep', 'getting', 'stuck', 'time', 'search', 'thing', ""can't"", 'see', 'going', 'blind', 'reach', 'somewhere', 'vasoline', 'fly', 'vasoline', 'sometimes', 'blow', 'mind', 'keep', 'getting', 'stuck', 'time', 'search', 'thing', ""can't"", 'see', 'going', 'blind', 'reach', 'somewhere', 'vasoline']",Topic 3,Topic 11,Topic 6
FrKuNE7GnEELT7Am.txt,"['know', 'war_far', 'stumbling', 'block', ""we've"", 'fallen', 'brother', 'die', 'defending', 'one', 'war_far', 'know', 'war_far', 'stumbling', 'block', ""we've"", 'fallen', 'brother', 'die', 'defending', 'one', 'war_far', 'know', 'war_far', 'stumbling', 'block', ""we've"", 'fallen', 'brother', 'die', 'defending', 'one', 'war_far']",Topic 10,Topic 6,Topic 14
FrkZVimXjeSbMoJr.txt,"['talk', 'talking', 'lot', 'still', 'talk', 'gotta', 'love', 'somehow', 'petty', 'scene', 'pretty', 'thing', 'say', 'whatever', 'want', 'cause', 'laugh', 'laugh', 'talk', 'talking', 'lot', 'still', 'talk', 'gotta', 'love', 'somehow', 'petty', 'scene', 'pretty', 'thing', 'say', 'whatever', 'want', 'cause', 'laugh', 'laugh', 'talk', 'talking', 'lot', 'still', 'talk', 'gotta', 'love', 'somehow', 'petty', 'scene', 'pretty', 'thing', 'say', 'whatever', 'want', 'cause', 'laugh', 'laugh', 'talk', 'talking', 'lot', 'still', 'talk', 'gotta', 'love', 'somehow', 'petty', 'scene', 'pretty', 'thing', 'say', 'whatever', 'want', 'cause', 'laugh', 'talk', 'talking', 'lot', 'still', 'talk', 'gotta', 'love', 'somehow', 'petty', 'scene', 'pretty', 'thing', 'say', 'whatever', 'want', 'cause', 'laugh']",Topic 9,Topic 7,Topic 6
FRLInDVOvMBoLymg.txt,"['talk', 'forgiveness', 'way', 'love', 'let', 'die', 'death', 'bring', 'life', ""we'll"", 'talk', 'forgiveness', 'way', 'love', 'let', 'die', 'death', 'bring', 'life', 'keep', 'searching', 'till', 'see', 'along', 'way', ""we'll"", 'trust', 'let', 'lie', 'left', 'light', 'walk', 'forgiveness', 'way', 'truly', 'love', 'let', 'die', 'death', 'bring', 'life', 'hold', 'high', 'left', 'light', 'talk', 'forgiveness', 'way', 'love', 'let', 'die', 'death', 'bring', 'life']",Topic 11,Topic 1,Topic 6
FRm4B4np82bZilFI.txt,"['regret', 'compromise', 'story', 'told', 'reject', 'cure', 'time', 'let', 'river', 'flow', 'regret', 'compromise', 'story', 'told', 'reject', 'cure', 'time', 'let', 'river', 'flow', 'regret', 'compromise', 'story', 'told', 'reject', 'cure', 'time', 'let', 'river', 'flow']",Topic 11,Topic 14,Topic 6
Frn8gfVtlY8LjHcf.txt,"['perfect', 'cousin', 'like', ""he's"", ""family's"", 'pride', 'joy', ""mother's"", 'little', 'golden', 'boy', 'perfect', 'cousin', 'like', ""he's"", ""family's"", 'pride', 'joy', ""mother's"", 'little', 'golden', 'boy', 'perfect', 'cousin', 'like', ""he's"", ""family's"", 'pride', 'joy', ""mother's"", 'little', 'golden', 'boy']",Topic 3,Topic 7,Topic 6
fRNDGc3ymRc9lMff.txt,"['could_illusion', 'putting', 'back', 'confusion', 'could_illusion', 'could_illusion', 'putting', 'back', 'confusion', 'could_illusion', 'could_illusion', 'putting', 'back', 'confusion', 'could_illusion', 'could', 'yeah', 'illusion', 'putting', 'back', 'confusion', 'could', 'yeah', 'illusion', 'yeah', 'yeah', 'yeah', 'could_illusion', 'putting', 'back', 'yeah', 'yeah', 'yeah', 'confusion', 'could_illusion']",Topic 6,Topic 3,Topic 11
fRNhVazbkPYbZTjd.txt,"['angry', 'baby', 'turned', 'crazy', 'child', 'got', 'wild', 'teen', 'angry', 'lady', 'still', 'misbehaving', 'brain', 'sick', 'like', 'know', ""i'm"", 'mad', 'know', ""i'm"", 'mad', ""i'm"", 'mad', ""i'm"", 'mad', ""i'm"", 'mad', 'know', 'angry', 'baby', 'turned', 'crazy', 'child', 'got', 'wild', 'teen', 'angry', 'lady', 'still', 'misbehaving', 'brain', 'sick', 'like', 'know', ""i'm"", 'mad', 'know', ""i'm"", 'mad', ""i'm"", 'mad', ""i'm"", 'mad', ""i'm"", 'mad', 'know', 'angry', 'baby', 'turned', 'crazy', 'child', 'got', 'wild', 'teen', 'angry', 'lady', 'still', 'misbehaving', 'brain', 'sick', 'like', 'know', ""i'm"", 'mad', 'know', ""i'm"", 'mad', ""i'm"", 'mad', ""i'm"", 'mad', ""i'm"", 'mad', 'know']",Topic 6,Topic 11,Topic 9
frNPhZRw57S4v1o6.txt,"['know', ""i'm"", 'road', ""can't"", 'help', 'little', 'bit', 'left', 'little', 'bit', 'right', 'hard', 'drive', 'hand', 'knee', ""i'm"", 'outta', 'control', 'road', 'yeah', 'know', ""i'm"", 'road', ""can't"", 'help', 'little', 'bit', 'left', 'little', 'bit', 'right', 'hard', 'drive', 'hand', 'knee', ""i'm"", 'outta', 'control', 'road', 'know', ""i'm"", 'road', ""can't"", 'help', 'little', 'bit', 'left', 'little', 'bit', 'right', 'hard', 'drive', 'hand', 'knee', 'little', 'mercy', 'sir', ""i'm"", 'sorry', 'know', ""i'm"", 'road', 'road', 'road']",Topic 17,Topic 6,Topic 4
frQ1oOCfhsYVuNYO.txt,"[""i'd"", 'rather', 'forget', 'slow', 'gather', 'regret', 'thing', ""can't"", 'change', 'become', ""can't"", 'accept', 'resurrect', 'saint', 'within', 'wretch', 'pour', 'wash', 'hand', ""i'd"", 'rather', 'forget', 'slow', 'gather', 'regret', 'thing', ""can't"", 'change', 'become', ""can't"", 'accept', 'resurrect', 'saint', 'within', 'wretch', 'pour', 'wash', 'hand', 'pour', 'wash', 'hand', ""i'd"", 'rather', 'forget', 'slow', 'gather', 'regret', ""can't"", 'change', 'become', 'cannot', 'accept', 'resurrect', 'saint', 'within', 'wretch', ""i'd"", 'rather', 'forget', 'slow', 'gather', 'regret', 'thing', ""can't"", 'change', 'become', ""can't"", 'accept', 'resurrect', 'saint', 'within', 'wretch', ""i'd"", 'rather', 'forget', 'slow', 'gather', 'regret', 'thing', ""can't"", 'change', 'become', ""can't"", 'accept', 'resurrect', 'resurrect', 'pour', 'wash', 'hand', 'pour', 'wash', 'hand']",Topic 7,Topic 14,Topic 16
frq98EFx5X71MDhJ.txt,"[""why'd"", 'something', 'could', 'say', 'make', 'turn', 'around', 'cause', 'night', 'like', 'wish', ""i'd"", 'said', 'anybody', 'anybody', 'help', 'get', 'cause', 'walking_road', ""can't"", ""why'd"", 'something', 'could', 'say', 'make', 'turn', 'around', 'cause', 'night', 'like', 'wish', ""i'd"", 'said', 'anybody', 'anybody', 'help', 'get', 'cause', 'walking_road', ""can't"", ""why'd"", 'something', 'could', 'say', 'make', 'turn', 'around', 'cause', 'night', 'like', 'wish', ""i'd"", 'said', 'anybody', 'anybody', 'help', 'get', 'cause', 'walking_road', ""can't"", ""why'd"", 'something', 'could', 'say', 'make', 'turn', 'around', 'cause', 'night', 'like', 'wish', ""i'd"", 'said', 'anybody', 'anybody', 'help', 'get', 'cause', 'walking_road', ""can't"", 'yeah', 'walking_road', ""can't"", 'yeah', 'walking_road', ""can't""]",Topic 0,Topic 3,Topic 4
FRvA0ym098h4hrQS.txt,"[""i'm"", 'gonna', 'get', 'motor', 'car', 'maybe', 'jaguar', 'maybe', 'plane', 'day', 'fame', ""i'm"", 'gonna', 'millionaire', 'take', 'wanna', 'wild', 'cause', ""life's"", 'tame', 'going', 'nowhere', 'train', 'growing', 'older', 'rain', ""i'm"", 'gonna', 'get', 'motor', 'car', 'maybe', 'jaguar', 'maybe', 'plane', 'day', 'fame', ""i'm"", 'gonna', 'millionaire', 'take', 'wanna', 'wild', 'cause', ""life's"", 'tame', 'going', 'nowhere', 'train', 'growing', 'older', 'rain', 'going', 'nowhere', 'train', ""gettin'"", 'lost', 'lonely', 'sad', 'sometimes', 'doe', 'life', 'feel', 'tame']",Topic 6,Topic 3,Topic 9
FRVUbGb3gAWzOdlG.txt,"['sometimes', 'fall', 'rise', 'sometimes', 'lose', 'find', 'gotta', 'keep', 'fighting', 'get', 'back', 'champion', 'champion', 'sometimes', 'fall', 'rise', 'sometimes', 'lose', 'find', 'gotta', 'keep', 'fighting', 'get', 'back', 'champion', 'sometimes', 'fall', 'rise', 'sometimes', 'lose', 'find', 'gotta', 'keep', 'fighting', 'get', 'back', ""world's"", 'gonna', 'try', 'knock', 'pick', 'gotta', 'keep', 'fighting', 'get', 'back', 'champion']",Topic 6,Topic 12,Topic 16
fRWCPl11HoUGSAmV.txt,"['voulez_vous', 'take', 'leave', 'get', 'nothing', 'promised', 'regret', 'voulez_vous', ""ain't"", 'big', 'decision', 'know', 'question', ""c'est"", 'voulez_vous', 'voulez_vous', 'voulez_vous', 'take', 'leave', 'get', 'nothing', 'promised', 'regret', 'voulez_vous', ""ain't"", 'big', 'decision', 'know', 'question', ""c'est"", 'voulez_vous', 'voulez_vous', 'take', 'leave', 'get', 'nothing', 'promised', 'regret', 'voulez_vous', ""ain't"", 'big', 'decision', 'know', 'question', ""c'est"", 'voulez_vous', 'voulez_vous', 'voulez_vous', 'take', 'leave', 'get', 'nothing', 'promised', 'regret', 'voulez_vous', ""ain't"", 'big', 'decision', 'know', 'question', ""c'est"", 'voulez_vous', 'voulez_vous', 'voulez_vous', 'take', 'leave', 'get', 'nothing', 'promised', 'regret', 'voulez_vous', ""ain't"", 'big', 'decision', 'know', 'question', ""c'est"", 'voulez_vous', 'voulez_vous']",Topic 6,Topic 3,Topic 12
fRWY3rwzUjQK33rb.txt,"[""what's"", 'gonna', 'make', 'fall', 'love', 'know', 'got', 'wall', 'wrapped', 'way', 'around', 'heart', 'scared', 'love', ""can't"", 'fly_unless', 'let', ""can't"", 'fly_unless', 'let', 'fall', ""what's"", 'gonna', 'make', 'fall', 'love', 'know', 'got', 'wall', 'wrapped', 'way', 'around', 'heart', 'scared', 'love', 'love', ""can't"", 'fly_unless', 'let', ""can't"", 'fly_unless', 'let', 'fall', ""what's"", 'gonna', 'make', 'fall', 'love', 'know', 'got', 'wall', 'wrapped', 'way', 'around', 'heart', 'scared', 'love', 'love', ""can't"", 'fly_unless', 'let', ""can't"", 'fly_unless', 'let', 'fall', ""what's"", 'gonna', 'make', 'fall', 'love', 'love', 'know', 'got', 'wall', 'wrapped', 'way', 'around', 'heart', 'scared', 'scared', 'scared', 'love', ""can't"", 'fly_unless', 'let', ""can't"", 'fly_unless', 'let', 'fall']",Topic 3,Topic 14,Topic 6
fRYgIKKk5R7kHUhb.txt,"['ohh', 'gotta', 'ohh', 'really', 'wanna', 'stay', 'ohh', 'cause', 'know', 'say', 'say', 'say', ""i'm"", 'always', 'different', 'time', 'zone', ""home's"", 'roam', ""i'm"", 'never', 'gonna', 'stop', ""i'm"", 'rolling', 'stone', 'ohh', 'cause', 'know', 'say', 'say', 'love', 'million', 'different', 'way', 'ohh', 'ohh', 'gotta', 'ohh', 'really', 'wanna', 'stay', 'ohh', 'cause', 'know', 'say', 'say', 'say', ""i'm"", 'always', 'different', 'time', 'zone', ""home's"", 'roam', ""i'm"", 'never', 'gonna', 'stop', ""i'm"", 'rolling', 'stone', 'ohh', 'cause', 'know', 'say', 'say', 'love', 'million', 'different', 'way', 'ohh', 'ohh', 'gotta', 'ohh', 'really', 'wanna', 'stay', 'ohh', 'cause', 'know', 'say', 'say', 'say', ""i'm"", 'always', 'different', 'time', 'zone', ""home's"", 'roam', ""i'm"", 'never', 'gonna', 'stop', ""i'm"", 'rolling', 'stone', 'ohh', 'cause', 'know', 'say', 'say', 'love', 'million', 'different', 'way', 'ohh']",Topic 6,Topic 15,Topic 11
FRzhAKYXAVptKhE3.txt,"['think_found', 'way', 'kill_sun', 'think_found', 'way', 'kill_sun', 'think_found', 'way', 'kill_sun', 'think_found', 'way', 'kill_sun', 'think_found', 'way', 'kill_sun', 'think_found', 'way', 'kill_sun']",Topic 3,Topic 6,Topic 2
FS0d3Z7j7ANcZALC.txt,"['alright', 'scary', ""we're"", 'bad', 'country', 'alright', 'scary', ""we're"", 'bad', 'country']",Topic 13,Topic 6,Topic 7
FS1nOFTDyeKkuqFT.txt,"['wanna', 'great_thing', 'wanna', 'compromise', 'wanna', 'know', 'life', 'wanna', 'know', 'everything', 'wanna', 'great_thing', 'wanna', 'compromise', 'wanna', 'know', 'love', 'something', 'wanna', 'great_thing', 'wanna', 'compromise', 'wanna', 'know', 'life', 'wanna', 'try', 'everything', 'wanna', 'great_thing', 'wanna', 'compromise', 'wanna', 'know', 'love', 'something', 'something', 'wanna', 'great_thing', 'wanna', 'compromise', 'wanna', 'know', 'life', 'something', 'something', 'wanna', 'great_thing', 'wanna', 'compromise', 'wanna', 'know', 'life', 'wanna', 'try', 'everything', 'wanna', 'great_thing', 'wanna', 'compromise', 'wanna', 'know', 'love', 'something', 'something', 'something']",Topic 6,Topic 7,Topic 9
fs6eBKiLoAwYH3Oi.txt,"['think', 'love', 'discover', 'living', 'like', 'think', 'find', 'rather', 'see', 'mother', 'remind', 'think', 'love', 'discover', 'living', 'like', 'think', 'find', 'rather', 'see', 'mother', 'remind', 'think', 'love', 'discover', 'living', 'like', 'think', 'find', 'rather', 'see', 'mother', 'remind', 'think', 'love', 'discover', 'living', 'like', 'living', 'like']",Topic 3,Topic 17,Topic 1
